mission,en,de,fr,jp
1,Multi-purpose Fiberboard,Faserplatten,Planches en bois aggloméré multi-usage,汎用繊維板の製作
2,Fieldwork Fuel,Brennstoff für Außeneinsätze,Combustible pour l'exploration,拠点外活動用の燃料調達
3,Gathering Miscellany,Sammler-Accessoires,Accessoires de récolte,採集用アクセサリの製作
4,Essential Research Materials,Forschungsmaterialien,Matériaux pour la recherche,研究用必須素材の調達
5,Charcoal Longevity Testing,Holzkohlenvorrat-Inspektion,Traitement longue durée pour charbon de bois,木炭の長持続化検証
6,General-purpose Bedding,Schlafzeug,Literie classique,汎用寝具の製作
7,Thin Fiberboard,Dünne Faserplatten,Fines planches en bois aggloméré,薄型繊維板の製作
8,Carpentry Provisions,Zimmerer-Hilfsmaterialien,Matériel de menuiserie,木工師用支援物資の製作
9,Worker's Weaving Tools,Arbeiter-Nähwerkzeuge,Nécessaires de couture,作業員用裁縫道具の調達
10,Data Entry Paper,Papier zur Dateneintragung,Papier pour l'enregistrement de données,データ記入用紙の製作
11,Interior Insulation Materials,Wärmeisolation-Materialien,Isolation thermique intérieure,断熱内装材の製作
12,Cosmoliner Supplies,Kosmozapper-Grundkomponenten,Matériaux pour cosmo-navette,コスモライナー用の基本資材調達
13,New Material Earrings,Prototyp-Ohrringe,Boucles d'oreilles en matière nouvelle,新素材を用いたイヤリング製作
14,Resupplying Containers,Versorgungsbehälter,Conteneurs de transport,補給用容器の製作
15,Thick Fiberboard,Dicke Faserplatten,Épaisses planches en bois aggloméré,厚型繊維板の製作
16,High-quality Insulation Materials,Hochwertige Isoliermaterialien,Isolation thermique d'excellente qualité,高品質断熱材の製作
17,Heat-resistant Resin,Hitzebeständiges Baumharz,Résine thermorésistante,耐熱性樹脂の製作
18,Long-term Storage Paper,Papier zur Langzeitlagerung,Papier longue conservation,長期保存用紙の製作
19,Habitation Module Chairs,Habitationsmodul-Stühle,Mobilier d'intérieur,居住区用椅子の製作
20,Test Material Gathering Tools,Experimentelle Sammler-Werkzeuge,Outils de récolte expérimentaux,試験素材を用いた採集道具製作
21,High-quality Rest Beds,Hochwertige Betten,Literie d'excellente qualité,休憩用高品質ベッドの製作
22,A-1: High-durability Fiberboard,A-1: Hochbelastbare Faserplatten,A-1 : Planches en bois aggloméré résistantes,A-1：高耐久繊維板の製作
23,A-1: High-grade Paper,A-1: Premium-Papier,A-1 : Papier de qualité supérieure,A-1：最高級紙の製作
24,A-1: Starship Insulation,A-1: Raumschiff-Isoliermaterialien,A-1 : Isolation thermique pour vaisseau spatial,A-1：宇宙船用の断熱材調達
25,A-1: High Burn Charcoal,A-1: Hochleistungs-Holzkohle,A-1 : Charbon pour haute température,A-1：高火力木炭の製作
26,A-1: Lunar Flora Test Processing,A-1: Mondpflanzen-Inspektion,A-1 : Traitement expérimental de végétaux lunaires,A-1：月面植物の加工検証
27,A-2: Test Material Final Processing,A-2: Final-Inspektion für Experimentalmaterialien,A-2 : Traitement final de matériaux d'essai,A-2：試験用素材の最終加工検証
28,A-2: Serving Trays,A-2: Serviertabletts,A-2 : Plateaux de service,A-2：配膳用トレイの製作
29,A-2: Bunk Beds,A-2: Etagenbetten,A-2 : Lits superposés,A-2：二段ベッドの製作
30,A-2: Work Support Equipment,A-2: Arbeitsunterstützungsvorrichtungen,A-2 : Infrastructures d'assistance,A-2：作業補助設備の製作
31,A-3: High-quality Crafting Tools,A-3: Hochwertige Ersatz-Werkzeuge,A-3 : Approvisionnement en outils d'artisanat,A-3：高品質製作道具の補充
32,A-3: Elevating Platforms,A-3: Höhenverstellbare Podeste,A-3 : Structures de travail en hauteur,A-3：高所用昇降台の製作
33,A-1: Power Transmission Shafts I,A-1: Kraftübertragungs-Pfosten I,A-1 : Préparation de cardan de transmission,A-1：動力伝達用シャフトの製作
34,A-2: Power Transmission Shafts II,A-2: Kraftübertragungs-Pfosten II,A-2 : Amélioration de cardan de transmission,A-2：続・動力伝達用シャフトの製作
35,A-1: Specialized Materials I,A-1: Verfeinerungsmaterialien I,A-1 : Préparation de matériaux de perfectionnement,A-1：性質特化素材の調達
36,A-2: Specialized Materials II,A-2: Verfeinerungsmaterialien II,A-2 : Amélioration de matériaux de perfectionnement,A-2：続・性質特化素材の調達
37,A-3: Research Water Tank,A-3: Großer Forschungs-Wasserspeicher,A-3 : Grand bassin pour la recherche,A-3：研究用大型水槽の製作
38,A-2: Rest Facility Materials,A-2: Pausenraummaterialien,A-2 : Matériaux pour articles de relaxation,A-2：休憩施設用素材の製作
39,A-3: Rest Facility Furnishings,A-3: Pausenraum-Einrichtungsgegenstände,A-3 : Mobilier de relaxation,A-3：休憩施設用調度品の製作
40,A-1: Packing Materials I,A-1: Verpackungsmaterialien I,A-1 : Préparation de matériaux pour conteneurs,A-1：貨物梱包素材の製作
41,A-2: Packing Materials II,A-2: Verpackungsmaterialien II,A-2 : Amélioration de matériaux pour conteneurs,A-2：続・貨物梱包素材の製作
42,A-3: Rover Packing Materials,A-3: Verpackungsmaterialien (Vehikel),A-3 : Conteneurs de fret pour rovers,A-3：ローバー用貨物梱包材の製作
43,A-3: Biofuel I,A-3: Biotreibstoff I,A-3 : Préparation de combustible biologique,A-3：バイオ燃料の製作
44,A-3: Biofuel II,A-3: Biotreibstoff II,A-3 : Amélioration de combustible biologique,A-3：続・バイオ燃料の製作
45,A-3: Biofuel III,A-3: Biotreibstoff III,A-3 : Perfectionnement de combustible biologique,A-3：バイオ燃料の製作・最終工程
46,Multi-purpose Plating,Projektplatten,Plaques multi-usage,汎用装甲板の製作
47,Spare Starship Parts,Ersatzteile (Raumschiff),Pièces de rechange pour vaisseau,宇宙船用の予備部品製作
48,Alloy Inspection,Legierungsinspektion,Étude de fabrication d'alliages,合金製作の検証
49,Custom Parts (Simple),Anpassungskomponenten (Qualitätsklasse I),Pièces adaptables simples,初級カスタマイズ部品の製作
50,Multi-purpose Metal Components,Metallteile,Pièces métalliques multi-usage,汎用金属部品の製作
51,Mass-produced Necessities,Massenproduktion für Bedarfsartikel,Grosse production d'articles de première nécessité,必需品の大量生産
52,Standardized Heavy Plating,Dicke Projektplatten,Plaques épaisses standard,規格厚型装甲板の製作
53,Starship Shafts,Triebachse (Raumschiff),Axes de transmission pour vaisseau spatial,宇宙船用の動力伝導軸
54,Worker's Mining Tools,Arbeiter-Brechwerkzeuge,Outils d'excavation,作業員用砕岩道具の調達
55,Standardized Alloy Rivets,Standard-Legierungsnieten,Rivets en alliage standard,規格合金リベットの製作
56,Worker's Carpentry Tools,Arbeiter-Zimmererwerkzeuge,Outils de menuiserie,作業員用木工道具の調達
57,Custom Parts (Intermediate),Anpassungskomponenten (Qualitätsklasse II),Pièces adaptables intermédiaires,中級カスタマイズ部品の製作
58,Insulated Equipment,Isolierungsvorrichtungen,Équipements isolants,断熱設備の製作
59,Rover Shafts,Übertragungsachse (Vehikel),Axes de transmission pour rover,ローバー用の伝導軸製作
60,Standardized Light Plating,Dünne Projektplatten,Plaques fines standard,規格薄型装甲板の製作
61,Worker's Smithing Tools,Arbeiter-Metallurgenwerkzeuge,Outils de métallurgie,作業員用冶金道具の調達
62,Bathing Fixtures,Badezimmer-Einrichtung,Mobilier de bain,入浴用調度品の製作
63,Ceruleum Stoves,Beweglicher Erdseim-Herd,Poêles alimentés par céruleum,青燐式移動ストーブの製作
64,Habitation Lighting,Habitationsmodul-Beleuchtungen,Éclairages pour habitation,居住区用照明の製作
65,Lunar Material Tool Processing,Veredlung von Mondwerkzeugen,Élaboration d'outils en matériaux séléniens,月面産素材の道具加工依頼
66,Lunar Material Part Processing,Veredlung von Mondgüterbauteilen,Élaboration de pièces en matériaux séléniens,月面産素材の部品加工依頼
67,A-1: Key Facility Plating,A-1: Stationsstruktur-Projektplatten,A-1 : Plaques pour infrastructure cruciale,A-1：重要施設用装甲板の製作
68,A-1: Rare Material Processing,A-1: Seltene Materialien,A-1 : Traitement de ressources rares,A-1：希少素材の加工
69,A-1: Construction Necessities,A-1: Einrichtungsbau-Bedarfsartikel,A-1 : Approvisionnement en pièces pour infrastructure,A-1：設備工事の必需品補充
70,A-1: Worker's Sheet Metal Tools,A-1: Arbeiter-Blechwerkzeuge,A-1 : Outils en métal,A-1：作業員用板金道具の調達依頼
71,A-1: Meteoric Material Test Processing,A-1: Meteoreisen-Inspektion,A-1 : Traitement expérimental de fragments de météorites,A-1：隕鉄素材の加工検証
72,A-2: Replica Far Eastern Furnishings,A-2: Nachbau fernöstlicher Einrichtung,A-2 : Reproduction de mobilier oriental,A-2：東方調度品の再現依頼
73,A-2: Fine-grade Material Processing,A-2: Präzise Materialien,A-2 : Ouvrage minutieux de matériaux,A-2：精密な素材加工
74,A-2: Moongate Hub Equipment,A-2: Mondtor-Station-Ersatzausstattung,A-2 : Approvisionnement en matériel pour la station,A-2：ムーンゲート基地の備品補充
75,A-2: Work Support Equipment,A-2: Arbeitsunterstützungsvorrichtungen,A-2 : Équipement d'aide à l'artisanat,A-2：作業補助設備の製作
76,A-3: High-durability Material Processing,A-3: Erhöhung der Materialbelastung,A-3 : Traitement d'amélioration de la durabilité,A-3：素材の高耐久化加工
77,A-3: Impact-resistant Material Processing,A-3: Erhöhung der Material-Schockresistenz,A-3 : Traitement anti-chocs,A-3：素材の対衝撃化加工
78,A-1: Hub Furnishings and Fixtures I,A-1: Station-Möbelstücke I,A-1 : Préparation de mobilier pour infrastructure,A-1：基地内の家具備品製作
79,A-2: Hub Furnishings and Fixtures II,A-2: Station-Möbelstücke II,A-2 : Amélioration de mobilier pour infrastructure,A-2：続・基地内の家具備品製作
80,A-1: Specialized Materials I,A-1: Verfeinerungsmaterialien I,A-1 : Préparation de matériaux de perfectionnement,A-1：性質特化素材の調達
81,A-2: Specialized Materials II,A-2: Verfeinerungsmaterialien II,A-2 : Amélioration de matériaux de perfectionnement,A-2：続・性質特化素材の調達
82,A-3: Research Water Tank,A-3: Großer Forschungs-Wasserspeicher,A-3 : Grand bassin pour la recherche,A-3：研究用大型水槽の製作
83,A-2: Starship Building Materials,A-2: Raumschiff-Materialien,A-2 : Matériaux pour vaisseau spatial,A-2：宇宙船建造用の素材製作
84,A-3: Starship Building Material Processing,A-3: Raumschiff-Materialien-Veredelung,A-3 : Traitement de matériaux pour vaisseau spatial,A-3：宇宙船建造用の素材加工
85,A-1: High-performance Drone Materials I,A-1: Hochfunktionsdrohnen-Materialien I,A-1 : Préparation de matériaux pour drones ultraperformants,A-1：高機能ドローンの素材製作
86,A-2: High-performance Drone Materials II,A-2: Hochfunktionsdrohnen-Materialien II,A-2 : Amélioration de matériaux pour drones ultraperformants,A-2：続・高機能ドローンの素材製作
87,A-3: High-performance Drones,A-3: Hochfunktionsdrohnen,A-3 : Conception de drones ultraperformants,A-3：高機能ドローンの製作
88,A-3: Cosmotized Equipment Materials I,A-3: Spezialausrüstungs-Materialien I,A-3 : Préparation de matériaux pour machine d'un nouveau genre,A-3：特種装備素材の製作
89,A-3: Cosmotized Equipment Materials II,A-3: Spezialausrüstungs-Materialien II,A-3 : Amélioration de matériaux pour machine d'un nouveau genre,A-3：続・特種装備素材の製作
90,A-3: Cosmotized Equipment Materials III,A-3: Spezialausrüstung (Feinschliff),A-3 : Perfectionnement de la machine d'un nouveau genre,A-3：特種装備の製作 最終工程
91,Multi-purpose Plating,Projektplatten,Plaques multi-usage,汎用装甲板の製作
92,Spare Starship Parts,Ersatzteile (Raumschiff),Pièces de rechange pour vaisseau,宇宙船用の予備部品製作
93,Alloy Inspection,Legierungsinspektion,Étude de fabrication d'alliages,合金製作の検証
94,Custom Parts (Simple),Anpassungsteile (Klasse I),Pièces adaptables simples,初級カスタマイズ部品の製作
95,Multi-purpose Metal Components,Metallteile,Pièces métalliques multi-usage,汎用金属部品の製作
96,Mass-produced Necessities,Bedarfsartikel-Massenproduktion,Grosse production d'articles de première nécessité,必需品の大量生産
97,Standardized Heavy Plating,Dicke Projektplatten,Plaques épaisses standard,規格厚型装甲板の製作
98,Starship Shafts,Triebachsen (Raumschiff),Axes de transmission pour vaisseau spatial,宇宙船用の動力伝導軸
99,Worker's Culinary Tools I,Arbeiter-Gourmetzeug I,Préparation d'outils de cuisine,作業員用調理道具の調達
100,Standardized Chainmail Sheets,Ringplatten,Cadènes standard,規格チェーンプレートの製作
101,Dust-filtering Equipment,Staubfeste Ausrüstung,Équipements anti-poussière,防塵装備の調達
102,Custom Parts (Intermediate),Anpassungsteile (Klasse II),Pièces adaptables intermédiaires,中級カスタマイズ部品の製作
103,Insulated Equipment,Isolierungsvorrichtungen,Équipements isolants,断熱設備の製作
104,Rover Parts,Einzelteile (Vehikel),Pièces pour rover,ローバー用の部品製作
105,Standardized Light Plating,Dünne Projektplatten,Plaques fines standard,規格薄型装甲板の製作
106,Worker's Culinary Tools II,Arbeiter-Gourmetzeug II,Amélioration d'outils de cuisine,続・作業員用調理道具の調達
107,Beverage Stations,Café-Einrichtung,Mobilier pour salon de thé,喫茶用調度品の製作
108,Campfire Fixtures,Außenfeuerstelle,Feux de camp pour activités en extérieur,屋外用焚火炉の製作
109,Habitation Storage,Habitationsmodul-Schuppen,Équipements de rangement pour habitation,居住区用収納設備の製作
110,Lunar Material Tool Processing,Veredlung von Mondwerkzeugen,Élaboration d'outils en matériaux séléniens,月面産素材の道具加工依頼
111,Lunar Material Part Processing,Veredlung von Mondgüterbauteilen,Élaboration de pièces en matériaux séléniens,月面産素材の部品加工依頼
112,A-1: Key Facility Plating,A-1: Stationsstruktur-Projektplatten,A-1 : Plaques pour infrastructure cruciale,A-1：重要施設用装甲板の製作
113,A-1: Rare Material Processing,A-1: Seltene Materialien,A-1 : Traitement de ressources rares,A-1：希少素材の加工
114,A-1: Construction Necessities,A-1: Ersatz für Einrichtungsbauartikel,A-1 : Approvisionnement en pièces pour infrastructure,A-1：設備工事の必需品補充
115,A-1: High-conductivity Culinary Tools,A-1: Hyperleiter-Gourmetzeug,A-1 : Outils de cuisine à haute conductivité,A-1：高伝導調理道具の調達依頼
116,A-1: Meteoric Material Test Processing,A-1: Meteoreisen-Inspektion,A-1 : Traitement expérimental de fragments de météorites,A-1：隕鉄素材の加工検証
117,A-2: Replica Incensories,A-2: Räuchergefäß-Nachbau,A-2 : Reproduction d'encensoir,A-2：香炉の再現依頼
118,A-2: Fine-grade Material Processing,A-2: Präzise Materialien,A-2 : Ouvrage minutieux de matériaux,A-2：精密な素材加工
119,A-2: Moongate Hub Equipment,A-2: Mondtor-Station-Ersatzausstattung,A-2 : Approvisionnement en matériel pour la station,A-2：ムーンゲート基地の備品補充
120,A-2: Workspace Lighting,A-2: Arbeitsbeleuchtung-Sicherstellung,A-2 : Éclairages pour lieu de travail,A-2：作業場の照度確保
121,A-3: High-durability Material Processing,A-3: Erhöhung der Materialbelastung,A-3 : Traitement d'amélioration de la durabilité,A-3：素材の高耐久化加工
122,A-3: Impact-resistant Material Processing,A-3: Erhöhung der Material-Schockresistenz,A-3 : Traitement anti-chocs,A-3：素材の対衝撃化加工
123,A-1: Hub Furnishings and Fixtures I,A-1: Station-Möbelstücke I,A-1 : Préparation de mobilier pour infrastructure,A-1：基地内の家具備品製作
124,A-2: Hub Furnishings and Fixtures II,A-2: Station-Möbelstücke II,A-2 : Amélioration de mobilier pour infrastructure,A-2：続・基地内の家具備品製作
125,A-1: Specialized Materials I,A-1: Verfeinerungsmaterialien I,A-1 : Préparation de matériaux de perfectionnement,A-1：性質特化素材の調達
126,A-2: Specialized Materials II,A-2: Verfeinerungsmaterialien II,A-2 : Amélioration de matériaux de perfectionnement,A-2：続・性質特化素材の調達
127,A-3: Priority Sample Storage,A-3: Probenspeicher,A-3 : Coffres-forts pour préservation d'échantillons cruciaux,A-3：重要サンプル保管庫の製作
128,A-2: Starship Building Materials,A-2: Raumschiff-Materialien,A-2 : Matériaux pour vaisseau spatial,A-2：宇宙船建造用の素材製作
129,A-3: Starship Building Material Processing,A-3: Raumschiff-Materialien-Veredelung,A-3 : Traitement de matériaux pour vaisseau spatial,A-3：宇宙船建造用の素材加工
130,A-1: High-performance Drone Materials I,A-1: Hochfunktionsdrohnen-Materialien I,A-1 : Préparation de matériaux pour drones ultraperformants,A-1：高機能ドローンの素材製作
131,A-2: High-performance Drone Materials II,A-2: Hochfunktionsdrohnen-Materialien II,A-2 : Amélioration de matériaux pour drones ultraperformants,A-2：続・高機能ドローンの素材製作
132,A-3: High-performance Drones,A-3: Hochfunktionsdrohnen,A-3 : Conception de drones ultraperformants,A-3：高機能ドローンの製作
133,A-3: Cosmotized Equipment Materials I,A-3: Spezialausrüstungs-Materialien I,A-3 : Préparation de matériaux pour machine d'un nouveau genre,A-3：特種装備素材の製作
134,A-3: Cosmotized Equipment Materials II,A-3: Spezialausrüstungs-Materialien II,A-3 : Amélioration de matériaux pour machine d'un nouveau genre,A-3：続・特種装備素材の製作
135,A-3: Cosmotized Equipment Materials III,A-3: Spezialausrüstung (Feinschliff),A-3 : Perfectionnement de la machine d'un nouveau genre,A-3：特種装備の製作 最終工程
136,Multi-purpose Plating,Projektplatten,Plaques multi-usage,汎用装甲板の製作
137,Spare Starship Parts,Ersatzteile (Raumschiff),Pièces de rechange pour vaisseau,宇宙船用の予備部品製作
138,Alloy Inspection,Legierungsinspektion,Étude de fabrication d'alliages,合金製作の検証
139,Custom Parts (Simple),Anpassungsteile (Klasse I),Pièces adaptables simples,初級カスタマイズ部品の製作
140,Multi-purpose Metal Components,Metallteile,Pièces métalliques multi-usage,汎用金属部品の製作
141,Mass-produced Necessities,Bedarfsartikel-Massenproduktion,Grosse production d'articles de première nécessité,必需品の大量生産
142,Standardized Heavy Plating,Dicke Projektplatten,Plaques épaisses standard,規格厚型装甲板の製作
143,Starship Shafts,Triebachsen (Raumschiff),Axes de transmission pour vaisseau spatial,宇宙船用の動力伝導軸
144,Worker's Grinding Tools,Arbeiter-Schleifwerkzeug,Outils de polissage,作業員用研磨道具の調達
145,Standardized Chainmail Sheets,Ketten,Chaînes standard,規格チェーンの製作
146,Eye Protection Equipment,Augenschutz-Ausrüstung,Protections pour les yeux,眼球保護装備の調達
147,Custom Parts (Intermediate),Anpassungsteile (Klasse II),Pièces adaptables intermédiaires,中級カスタマイズ部品の製作
148,Heat Dissipation Equipment,Abwärmevorrichtungen,Équipements thermorésistants,排熱設備の製作
149,Rover Parts,Einzelteile (Vehikel),Pièces pour rover,ローバー用の部品製作
150,Standardized Light Plating,Dünne Projektplatten,Plaques fines standard,規格薄型装甲板の製作
151,Worker's Weaving Tools,Arbeiter-Nähwerkzeug,Nécessaire de couture,作業員用裁縫道具の調達
152,Observation Devices,Observations-Einrichtung,Mobilier d'observation,観測用調度品の製作
153,Fireplace Fixtures,Innenfeuerstelle,Cheminées pour intérieur,屋内用暖炉の製作
154,Habitation Vanities,Habitationsmodul-Schminkspiegel,Miroirs de maquillage pour habitation,居住区用化粧鏡の製作
155,Lunar Material Tool Processing,Veredlung von Mondwerkzeugen,Élaboration d'outils en matériaux séléniens,月面産素材の道具加工依頼
156,Lunar Material Part Processing,Veredlung von Mondgüterbauteilen,Élaboration de pièces en matériaux séléniens,月面産素材の部品加工依頼
157,A-1: Key Facility Plating,A-1: Stationsstruktur-Projektplatten,A-1 : Plaques pour infrastructure cruciale,A-1：重要施設用装甲板の製作
158,A-1: Rare Material Processing,A-1: Seltene Materialien,A-1 : Traitement de ressources rares,A-1：希少素材の加工
159,A-1: Construction Necessities,A-1: Einrichtungsbauartikel,A-1 : Approvisionnement en pièces pour infrastructure,A-1：設備工事の必需品補充
160,A-1: Fine-grade Knives,A-1: Präzise Messer,A-1 : Couteaux de précision,A-1：精密ナイフの調達依頼
161,A-1: Meteoric Material Test Processing,A-1: Meteoreisenveredelungs-Inspektion,A-1 : Traitement expérimental de fragments de météorites,A-1：隕鉄素材の加工検証
162,A-2: Replica Bathing Fixtures,A-2: Badeeinrichtungs-Nachbau,A-2 : Reproduction de mobilier de bain,A-2：入浴用調度品の再現依頼
163,A-2: Fine-grade Material Processing,A-2: Präzise Materialien,A-2 : Ouvrage minutieux de matériaux,A-2：精密な素材加工
164,A-2: Moongate Hub Equipment,A-2: Mondtor-Station-Ersatzausstattung,A-2 : Approvisionnement en matériel pour la station,A-2：ムーンゲート基地の備品補充
165,A-2: Work Support Mechanical Arms,A-2: Arbeitsunterstützung-Arm,A-2 : Bras mécaniques pour aide au labeur,A-2：作業補助用パワーアームの製作
166,A-3: High-durability Material Processing,A-3: Erhöhung der Materialbelastung,A-3 : Traitement d'amélioration de la durabilité,A-3：素材の高耐久化加工
167,A-3: Impact-resistant Material Processing,A-3: Erhöhung der Material-Schockresistenz,A-3 : Traitement anti-chocs,A-3：素材の対衝撃化加工
168,A-1: Hub Furnishings and Fixtures I,A-1: Station-Möbelstücke I,A-1 : Préparation de mobilier pour infrastructure,A-1：基地内の家具備品製作
169,A-2: Hub Furnishings and Fixtures II,A-2: Station-Möbelstücke II,A-2 : Amélioration de mobilier pour infrastructure,A-2：続・基地内の家具備品製作
170,A-1: Specialized Materials I,A-1: Verfeinerungsmaterialien I,A-1 : Préparation de matériaux de perfectionnement,A-1：性質特化素材の調達
171,A-2: Specialized Materials II,A-2: Verfeinerungsmaterialien II,A-2 : Amélioration de matériaux de perfectionnement,A-2：続・性質特化素材の調達
172,A-3: Vending Machines,A-3: Automaten,A-3 : Distributeurs automatiques,A-3：自動販売機の製作
173,A-2: Starship Building Materials,A-2: Raumschiff-Materialien,A-2 : Matériaux pour vaisseau spatial,A-2：宇宙船建造用の素材製作
174,A-3: Starship Building Material Processing,A-3: Raumschiff-Materialien-Veredelung,A-3 : Traitement de matériaux pour vaisseau spatial,A-3：宇宙船建造用の素材加工
175,A-1: High-performance Drone Materials I,A-1: Hochfunktionsdrohnen-Materialien I,A-1 : Préparation de matériaux pour drones ultraperformants,A-1：高機能ドローンの素材製作
176,A-2: High-performance Drone Materials II,A-2: Hochfunktionsdrohnen-Materialien II,A-2 : Amélioration de matériaux pour drones ultraperformants,A-2：続・高機能ドローンの素材製作
177,A-3: High-performance Drones,A-3: Hochfunktionsdrohnen,A-3 : Conception de drones ultraperformants,A-3：高機能ドローンの製作
178,A-3: Cosmotized Equipment Materials I,A-3: Spezialausrüstungs-Materialien I,A-3 : Préparation de matériaux pour machine d'un nouveau genre,A-3：特種装備素材の製作
179,A-3: Cosmotized Equipment Materials II,A-3: Spezialausrüstungs-Materialien II,A-3 : Amélioration de matériaux pour machine d'un nouveau genre,A-3：続・特種装備素材の製作
180,A-3: Cosmotized Equipment Materials III,A-3: Spezialausrüstung (Feinschliff),A-3 : Perfectionnement de la machine d'un nouveau genre,A-3：特種装備の製作 最終工程
181,Multi-purpose Leather Straps,Lederriemen,Lanières de cuir multi-usage,汎用革紐の製作
182,First-aid Leather,Notfall-Ledertücher,Cuir de première nécessité,救急用革布の製作
183,Gatherer's Gloves,Sammler-Handschutz,Protège-mains pour la récolte,採集用手防具の製作
184,Essential Research Materials,Forschungsmaterialien,Matériaux pour la recherche,研究用必須素材の調達
185,Work Pouches,Arbeiter-Beutel,Sacoches de travail,作業用ポーチの製作
186,Leather Room Shoes,Leder-Hausschuhe,Chaussures en cuir d'intérieur,室内用レザーシューズの製作
187,Heat-resistant Leather String,Hitzebeständige Lederriemen,Lanières de cuir thermorésistantes,耐熱性革紐の製作
188,Worker's Bags,Große Arbeiter-Taschen,Bagages grande capacité,作業員用大型鞄の製作
189,Worker's Belts,Arbeiter-Gürtel,Ceintures de travail,作業員用ベルトの製作
190,High-grade Paper,Hochwertiges Papier,Papier d'excellente qualité,高級紙の製作
191,Sheep Rugs,Schafs-Unterlagen,Tapis moutonneux,シープ型敷物の製作
192,Cosmoliner Materials,Kosmozapper-Rohmaterialien,Matériaux pour cosmo-navette,コスモライナー用の基本素材調達
193,New Material Jackets,Prototyp-Jacken,Jaques en matière nouvelle,新素材を用いたジャケット製作
194,Leather First-aid Bags,Notfall-Lederbeutel,Sacs en cuir de première nécessité,救急用革袋の製作
195,Sterile Leather String,Antibakterielle Lederriemen,Lanières de cuir bactéricides,抗菌性革紐の製作
196,High-grade Rugs,Hochwertige Unterlage,Décorations de sol d'excellente qualité,高級敷物の製作
197,Transport Leather,Transport-Leder,Cuir pour le transport de ressources,資材運搬用レザーの製作
198,Long-term Storage Paper,Papier zur Langzeitlagerung,Papier pour conservation longue durée,長期保存用紙の製作
199,High-grade Rest Chairs,Hochwertiger Pausen-Stuhl,Mobilier de relaxation d'excellente qualité,休憩用の高級椅子製作
200,Test Material Gloves,Experimentelle Handschuhe,Gants en matériaux expérimentaux,試験素材を用いたグローブ製作
201,High-grade Rest Lounges,Hochwertiger Pausen-Sessel,Mobilier de relaxation d'excellente qualité,休憩用の高級長椅子製作
202,A-1: High-durability Leather String,A-1: Hochbelastbare Lederriemen,A-1 : Lanières de cuir résistantes,A-1：高耐久革紐の製作
203,A-1: High-grade Paper,A-1: Premium-Papier,A-1 : Papier de qualité supérieure,A-1：最高級紙の製作
204,A-1: Research Plant Rug,A-1: Forschungs-Pflanzenteppiche,A-1 : Parquet en fibres végétales pour la recherche,A-1：研究用の植物ラグの製作
205,A-1: Thermal Leather,A-1: Wärmespeichernde Ledertücher,A-1 : Cuir isotherme,A-1：保温性の革布製作
206,A-1: Lunar Flora Test Processing,A-1: Mondpflanzen-Inspektion,A-1 : Traitement expérimental de végétaux lunaires,A-1：月面植物の加工検証
207,A-2: Test Material Final Processing,A-2: Final-Inspektion für Prüfmaterialien,A-2 : Traitement final de matériaux d'essai,A-2：試験用素材の最終加工検証
208,A-2: Work Pouches,A-2: Kleine Arbeiter-Beutel,A-2 : Petites sacoches de travail,A-2：作業用小型ポーチの製作
209,A-2: High-grade Sofas,A-2: Hochwertige Sofas,A-2 : Sofas d'excellente qualité,A-2：高級ソファの製作
210,A-2: Familiar Furnishings,A-2: Heimatliche Einrichtung,A-2 : Mobilier typique,A-2：郷土調度品の製作
211,A-3: Safety Shoes,A-3: Arbeiter-Sicherheitsschuhe,A-3 : Chaussures de sécurité,A-3：作業用安全靴の製作
212,A-3: Gatherer's Overalls,A-3: Sammler-Arbeitskleidung,A-3 : Habits de récolte,A-3：採集用作業着の製作
213,A-1: Base Supplies I,A-1: Basis-Ausstattung I,A-1 : Préparation de matériel pour poste avancé,A-1：拠点備品の製作
214,A-2: Base Supplies II,A-2: Basis-Ausstattung II,A-2 : Amélioration de matériel pour poste avancé,A-2：続・拠点備品の製作
215,A-1: Specialized Materials I,A-1: Verfeinerungsmaterialien I,A-1 : Préparation de matériaux de raffinement,A-1：性質特化素材の調達
216,A-2: Specialized Materials II,A-2: Verfeinerungsmaterialien II,A-2 : Amélioration de matériaux de raffinement,A-2：続・性質特化素材の調達
217,A-3: Large Research Materials,A-3: Forschungs-Großmaterialien,A-3 : Matériaux de grande taille pour la recherche,A-3：研究用大型素材の製作
218,A-2: Rest Facility Materials,A-2: Pausenraum-Materialien,A-2 : Matériaux pour articles de relaxation,A-2：休憩施設用素材の製作
219,A-3: Rest Facility Furnishings,A-3: Pausenraum-Einrichtung,A-3 : Mobilier de relaxation,A-3：休憩施設用調度品の製作
220,A-1: Packing Materials I,A-1: Verpackungsmaterialien I,A-1 : Préparation de matériaux pour conteneurs,A-1：貨物梱包素材の製作
221,A-2: Packing Materials II,A-2: Verpackungsmaterialien II,A-2 : Amélioration de matériaux pour conteneurs,A-2：続・貨物梱包素材の製作
222,A-3: Rover Packing Materials,A-3: Verpackungsmaterialien (Vehikel),A-3 : Conteneurs de fret pour rovers,A-3：ローバー用貨物梱包材の製作
223,A-3: Cosmic Suits I,A-3: Raumanzug I,A-3 : Préparation de combinaisons cosmiques,A-3：スペーススーツの製作
224,A-3: Cosmic Suits II,A-3: Raumanzug II,A-3 : Amélioration de combinaisons cosmiques,A-3：続・スペーススーツの製作
225,A-3: Cosmic Suits III,A-3: Raumanzug III,A-3 : Perfectionnement de combinaisons cosmiques,A-3：スペーススーツの製作・最終工程
226,Multi-purpose Yarn,Baumwollgarn,Pelotes de fil multi-usage,汎用綿糸の製作
227,First-aid Cloth,Notfall-Stoff,Étoffes de première nécessité,救急用布地の製作
228,Gatherer's Helmets,Sammler-Kopfschutz,Protège-têtes pour la récolte,採集用頭防具の製作
229,Essential Research Materials,Forschungsmaterialien,Matériaux pour la recherche,研究用必須素材の調達
230,Multi-purpose String,Arbeiter-Stricke,Filins professionnels multi-usage,作業用汎用紐の製作
231,Divider Curtains,Unterteilungs-Vorhänge,Rideaux de partition,仕切り用カーテンの製作
232,Heat-resistant Yarn,Hitzebeständiges Baumwollgarn,Pelotes de fil thermorésistant,耐熱性綿糸の製作
233,Room Garments,Hauskleidung,Vêtements d'intérieur,室内用衣類の製作
234,Multi-purpose Fabric,Ersatz-Geschirrtücher,Serviettes multi-usage,汎用布巾の補充
235,Composite Fiber,Verbundfasern,Fibres composites,複合繊維の製作
236,Infirmary Curtains,Krankenstations-Vorhang,Rideaux médicaux,医療施設用カーテンの製作
237,Cosmoliner Materials,Kosmozapper-Rohmaterialien,Matériaux pour cosmo-navette,コスモライナー用基本素材の調達
238,New Material Trousers,Prototyp-Hosen,Pantalons en matière nouvelle,新素材を用いたトラウザー製作
239,Work Rope,Arbeiter-Seile,Corde de travail,作業用ロープの製作
240,Sterile Yarn,Antibakterielles Baumwollgarn,Pelotes de fil bactéricides,抗菌性綿糸の製作
241,High-grade Curtains,Hochwertige Vorhänge,Rideaux d'excellente qualité,高級カーテンの製作
242,Transport Yarn,Transport-Baumwolle,Étoffes pour le transport de ressources,資材運搬用綿布の製作
243,Heat-resistant Composite Fiber,Hochbelastbare Verbundfasern,Fibres composites résistantes,高耐久複合繊維の製作
244,Rest Supplies,Pausenraum-Vorräte,Accessoires de relaxation,休憩用グッズの製作
245,Test Material Hats,Experimentelle Hüte,Chapeaux en matériaux expérimentaux,試験素材を用いたハット製作
246,Rest Cushions,Pausenraum-Sitzkissen,Coussins de relaxation,休憩用のクッション製作
247,A-1: High-durability Yarn,A-1: Hochbelastbares Baumwollgarn,A-1 : Pelotes de fil résistant,A-1：高耐久綿糸の製作
248,A-1: High-grade Composite Fiber,A-1: Hochwertige Verbundfasern,A-1 : Fibres composites d'excellente qualité,A-1：高級複合繊維の製作
249,A-1: High-grade Bedroom Curtains,A-1: Hochwertige Schlafvorhänge,A-1 : Rideaux pour salle de repos d'excellente qualité,A-1：寝室用の高級カーテン製作
250,A-1: First-aid Bandaging,A-1: Notfall-Verbände,A-1 : Bandages de premiers secours,A-1：救急用の包帯製作
251,A-1: Lunar Flora Test Processing,A-1: Mondpflanzen-Inspektion,A-1 : Traitement expérimental de végétaux lunaires,A-1：月面植物の加工検証
252,A-2: Test Material Final Processing,A-2: Final-Inspektion für Prüfmaterialien,A-2 : Traitement final de matériaux d'essai,A-2：試験用素材の最終加工検証
253,A-2: Weaving Materials,A-2: Nähmaterialien,A-2 : Matériaux pour synthèse de fibres,A-2：裁縫用素材の製作
254,A-2: Rest Cushions,A-2: Pausen-Kissensets,A-2 : Ensemble de coussins de relaxation,A-2：休憩用クッションセットの製作
255,A-2: Familiar Furnishings,A-2: Heimatliche Einrichtung,A-2 : Décorations de sol typiques,A-2：郷土調度品の製作
256,A-3: Cold-weather Work Hats,A-3: Arbeiter-Wintermützen,A-3 : Chapeaux thermiques,A-3：作業用防寒帽の製作
257,A-3: Crafter's Overalls,A-3: Handwerker-Arbeitskleidung,A-3 : Habits d'artisanat,A-3：職人用作業着の製作
258,A-1: Cosmoliner Materials I,A-1: Kosmozapper-Materialien I,A-1 : Préparation de matériaux pour cosmo-navette,A-1：コスモライナー用素材の製作
259,A-2: Cosmoliner Materials II,A-2: Kosmozapper-Materialien II,A-2 : Amélioration de matériaux pour cosmo-navette,A-2：続・コスモライナー用素材の製作
260,A-1: Specialized Materials I,A-1: Verfeinerungsmaterialien I,A-1 : Préparation de matériaux de raffinement,A-1：性質特化素材の調達
261,A-2: Specialized Materials II,A-2: Verfeinerungsmaterialien II,A-2 : Amélioration de matériaux de raffinement,A-2：続・性質特化素材の調達
262,A-3: Large Research Materials,A-3: Forschungs-Großmaterialien,A-3 : Matériaux de grande taille pour la recherche,A-3：研究用大型素材の製作
263,A-2: Rest Facility Materials,A-2: Pausenraum-Materialien,A-2 : Matériaux pour articles de relaxation,A-2：休憩施設用素材の製作
264,A-3: Rest Facility Furnishings,A-3: Pausenraum-Einrichtung,A-3 : Articles de relaxation,A-3：休憩施設用調度品の製作
265,A-1: Packing Materials I,A-1: Verpackungsmaterialien I,A-1 : Préparation de matériaux pour conteneurs,A-1：貨物梱包素材の製作
266,A-2: Packing Materials II,A-2: Verpackungsmaterialien II,A-2 : Amélioration de matériaux pour conteneurs,A-2：続・貨物梱包素材の製作
267,A-3: Rover Packing Materials,A-3: Verpackungsmaterialien (Vehikel),A-3 : Conteneurs de fret pour rovers,A-3：ローバー用貨物梱包材の製作
268,A-3: Crew Suits I,A-3: Besatzungsuniformen I,A-3 : Préparation d'uniformes cosmiques,A-3：クルースーツの製作
269,A-3: Crew Suits II,A-3: Besatzungsuniformen II,A-3 : Amélioration d'uniformes cosmiques,A-3：続・クルースーツの製作
270,A-3: Crew Suits III,A-3: Besatzungsuniformen III,A-3 : Perfectionnement d'uniformes cosmiques,A-3：クルースーツの製作・最終工程
271,Foundation Bricks,Ziegelsteine,Briques multi-usage,汎用煉瓦の製作
272,Spice Processing,Gewürz-Verarbeitung,Traitement de condiments de produits récoltés,採集物の調味料加工
273,Building Adhesive,Baumaterial-Klebstoff,Mortier de construction,建材用接着剤の製作
274,Nutrient Supplements,Nahrungsergänzungsmittel,Ravitaillement en nourriture pour ouvriers,作業員の栄養補給
275,Aquatic Adhesive,Unterwasser-Klebstoff,Colle aqueuse,水産性接着剤の製作
276,Medicated Feed Research,Medizinforschung-Unterstützung,Recherche sur la médecine nutritive,薬餌製作研究の支援
277,Heat-resistant Bricks,Hitzebeständige Ziegelsteine,Briques thermorésistantes,耐熱性煉瓦の製作
278,Health Drinks,Gesunde Getränke,Boissons toniques,健康飲料の製作
279,Construction Paint,Baumaterial-Farbstoff,Peinture de construction,建材用塗料の製作
280,Traditional Veneer,Traditioneller Bodenbelag,Dallages traditionnels,伝統床材の製作
281,Night Lighting,Nachtbeleuchtung,Articles d'éclairage nocturne,夜間照明用調度品の製作
282,Emergency Foodstuffs Development,Notfall-Lebensmittel,Rations alimentaires d'urgence,非常用保存食品の開発
283,Experimental Potables,Zukunfts-Getränk,Boissons de nouvelle génération,次世代飲料の試験製作
284,Lunar Spice Processing,Mondgewürz-Verarbeitung,Traitement de condiments de végétaux séléniens,月面植物の調味料加工
285,Water-resistant Bricks,Wasserabweisende Ziegelsteine,Briques étanches,耐水性煉瓦の製作
286,Research Medicine,Forschungsmedikamente,Ravitaillement en médicaments expérimentaux,研究用薬品の追加補充
287,Holy Water,Heiliges Alchemisten-Wasser,Eau sacrée pour potions alchimiques,錬金薬用聖水の製作
288,Lunar Flooring,Mondgestein-Bodenbelag,Dallages de matériaux séléniens,月面素材を用いた床材製作
289,Stellar Nutrients,Hochwertige Nahrungsergänzungsmittel,Revitalisants d'excellente qualité,高品質栄養剤の製作
290,Miniature Gardens,Miniatur-Garten,Jardins de petite taille,小型庭園の製作
291,Decorative Lunar Plants,Dekorative Mondpflanzen,Plantes décoratives de végétaux séléniens,月面植物を用いた観葉植物製作
292,A-1: Water-resistant Bricks,A-1: Wasserabweisende Ziegelsteine,A-1 : Briques étanches,A-1：耐水性煉瓦の製作
293,A-1: Stellar Adhesive,A-1: Hochwertiger Klebstoff,A-1 : Mortier d'excellente qualité,A-1：高品質接着材の製作
294,A-1: Nutrient Supplements,A-1: Nährstoff-Regulierungsmittel,A-1 : Médicaments pour nutrition équilibrée,A-1：栄養調整剤の製作
295,A-1: Cafeteria Goods,A-1: Speisesaal-Besteck,A-1 : Vaisselle de cuisine pour cantine,A-1：食堂用食器類の製作
296,A-1: Lunar Seafood Processing,A-1: Wasserprodukte-Inspektion,A-1 : Traitement expérimental de produits aquatiques séléniens,A-1：月面水産物の加工検証
297,A-2: Emergency Potables,A-2: Notvorrats-Getränke,A-2 : Boissons de réserve,A-2：備蓄用飲料の製作
298,A-2: Cosmetic Research Materials,A-2: Unterstützung für Kosmetikartikel,A-2 : Recherche sur les produits de maquillage,A-2：化粧品製作の研究支援
299,A-2: Replica Ornamental Plants,A-2: Zierpflanzen-Nachbildungen,A-2 : Reproduction de plantes décoratives,A-2：観葉調度品の再現
300,A-2: Artisan's Mixtures,A-2: Handwerker-Mischungen,A-2 : Médicaments pour artisans,A-2：職人用調合薬の製作
301,A-3: Rust Repellent,A-3: Rostschutzmittel,A-3 : Produits antirouille,A-3：防錆加工剤の製作
302,A-3: Stable Medicine,A-3: Lang haltbare Medikamente,A-3 : Conservateurs alimentaires,A-3：保存用薬品の製作
303,A-1: Natural Remedy Inspection I,A-1: Naturheilmittel-Inspektion I,A-1 : Préparation de remèdes expérimentaux,A-1：生薬の研究成果検証
304,A-2: Natural Remedy Inspection II,A-2: Naturheilmittel-Inspektion II,A-2 : Amélioration de remèdes expérimentaux,A-2：続・生薬の研究成果検証
305,A-1: Loporrit Habitat Improvements I,A-1: Loporrit-Wohnumfeldverbesserung I,A-1 : Préparation de finitions d'habitat pour Loporrite,A-1：レポリット向けの住環境改善試験
306,A-2: Loporrit Habitat Improvements II,A-2: Loporrit-Wohnumfeldverbesserung II,A-2 : Amélioration de finitions d'habitat pour Loporrite,A-2：続・レポリット向けの住環境改善試験
307,A-3: Loporrit Habitat Improvements III,A-3: Loporrit-Wohnumfeldverbesserung III,A-3 : Finitions d'habitat pour Loporrite,A-3：レポリット向けの住環境改善
308,A-2: Aquaculture Feed I,A-2: Weichfutter für Tierzüchtungen I,A-2 : Préparation de pâtées pour élevage,A-2：養殖用の練餌製作
309,A-3: Aquaculture Feed II,A-3: Weichfutter für Tierzüchtungen II,A-3 : Amélioration de pâtées pour élevage,A-3：続・養殖用の練餌製作
310,A-1: Nutrient Jelly Materials I,A-1: Nährreiche Geleegetränk-Zutaten I,A-1 : Préparation de boissons gélatineuses de haute qualité nutritive,A-1：高栄養価ゼリー飲料素材の製作
311,A-2: Nutrient Jelly Materials II,A-2: Nährreiche Geleegetränk-Zutaten II,A-2 : Amélioration de boissons gélatineuses de haute qualité nutritive,A-2：続・高栄養価ゼリー飲料素材の製作
312,A-3: Nutrient Jelly,A-3: Nährreiches Geleegetränk,A-3 : Boissons gélatineuses de haute qualité nutritive,A-3：高栄養価ゼリー飲料の製作
313,A-3: Dichromatic Compound I,A-3: Pleochrome Tinktur I,A-3 : Préparation de potions alchimiques multicolores,A-3：多色錬金薬の製作
314,A-3: Dichromatic Compound II,A-3: Pleochrome Tinktur II,A-3 : Amélioration de potions alchimiques multicolores,A-3：続・多色錬金薬の製作
315,A-3: Dichromatic Compound III,A-3: Pleochrome Tinktur III,A-3 : Perfectionnement de potions alchimiques multicolores,A-3：多色錬金薬の製作・最終工程
316,Standard Lubricant,Schmieröl,Huile multi-usage,汎用潤滑油の製作
317,Spice Processing,Gewürz-Verarbeitung,Traitement de condiments de produits récoltés,採集物の調味料加工
318,Building Adhesive,Baumaterial-Klebstoff,Colle de construction,建材用接着剤の製作
319,Aquatic Nutrient Concentrate,Meeresfrüchte-Nährwertverdichtung,Bouillons de produits aquatiques,水産物の栄養凝縮検証
320,Aquatic Ink,Unterwasser-Tinte,Encre aqueuse,水産性インクの製作
321,Medicated Feed Research,Unterstützung zur Medikamentenforschung,Recherche sur la médecine nutritive,薬餌製作研究の支援
322,Heat-resistant Lubricant,Hitzebeständiges Schmieröl,Huile thermorésistante,耐熱性潤滑油の製作
323,Nutrient-rich Foodstuffs,Nährstoffregulierende Lebensmittel,Aliments pour nutrition équilibrée,栄養調整食品の製作
324,Construction Paint,Baumaterial-Farbstoff,Peinture de construction,建材用塗料の製作
325,Portable Foodstuffs,Tragbare Mahlzeiten,Nourriture portable,携帯食料の製作
326,Nutrient-rich Seafood Processing,Nährreiche Meeresfrüchte,Traitement de produits de la mer de haute qualité nutritive,高栄養価水産食品の加工
327,Emergency Foodstuff Development,Notfall-Lebensmittel,Rations alimentaires d'urgence,非常用保存食品の開発
328,Essential Whole Meals,Notwendige Vollwertnahrung,Reproduction de repas complets essentiels,必須完全食の再現
329,Experimental Foodstuffs,Experimentelle Langzeitnahrung,Produits de nouvelle génération pour conservation,新型保存食の試験製作
330,Water-resistant Lubricant,Wasserabweisendes Schmieröl,Huile étanche,耐水性潤滑油の製作
331,Experimental Potables,Zukunfts-Getränk,Boissons de nouvelle génération,次世代飲料の試験製作
332,Launch Party Foodstuffs,Belohnungs-Mahlzeit,Cuisine de grâce,慰労料理の製作
333,Home-cooked Seafood Meal,Heimatliche Mahlzeit,Reproduction de nourriture typique aux ingrédients aquatiques séléniens,月面水産物を用いた郷土料理再現
334,Nutrient-rich Lunar Food,Mondprodukte-Nährwertregulierung,Produits récoltés séléniens pour nutrition équilibrée,月面採集物の栄養価調整
335,Bakery Inspection,Bäckereibau-Inspektion,Étude de fondation de boulangerie,パン工房設立検証
336,Mushroom Processing,Pilz-Verarbeitung,Traitement de préparations aux champignons,キノコの食用加工
337,A-1: Water-resistant Lubricant,A-1: Wasserabweisendes Schmieröl,A-1 : Huile étanche,A-1：耐水性潤滑油の製作
338,A-1: Stellar Adhesive,A-1: Hochwertiger Klebstoff,A-1 : Colle d'excellente qualité,A-1：高品質接着材の製作
339,A-1: Liquid Nutrient Supplements,A-1: Nahrungsergänzungsdrinks,A-1 : Ravitaillement en boissons revigorantes,A-1：栄養補給飲料の製作
340,A-1: Cafeteria Goods,A-1: Speisesaal-Besteck,A-1 : Petit déjeuner pour cantine,A-1：食堂用食器類の製作
341,A-1: Lunar Seafood Processing,A-1: Wasserprodukte-Inspektion,A-1 : Traitement expérimental de produits aquatiques séléniens,A-1：月面水産物の加工検証
342,A-2: Stable Food Mass Production,A-2: Langzeit-Lebensmittel-Massenproduktion,A-2 : Fabrication en série de nouveaux aliments pour conservation,A-2：新保存食の量産計画
343,A-2: Sharlayan Dish Inspection,A-2: Nachbildung sharlayanischer Gerichte,A-2 : Étude de reproduction de cuisine sharlayanaise,A-2：シャーレアン料理の再現検証
344,A-2: Simple Field Rations,A-2: Nachbildung einfacher Außennahrung,A-2 : Reproduction de cuisine rapide pour activités en extérieur,A-2：屋外向け簡易調理の再現
345,A-2: Portable Nutrients,A-2: Tragbare Nahrungsergänzungsmittel,A-2 : Revitalisants portables,A-2：携帯栄養剤の製作
346,A-3: Cured Seafood,A-3: Wasserprodukt-Räucherung,A-3 : Traitement de produits de la mer fumés,A-3：水産物の燻製加工
347,A-3: Cured Meat,A-3: Tierfleisch-Räucherung,A-3 : Traitement de viande animale fumée,A-3：動物肉の燻製加工
348,A-1: Worker's Banquet Preparation I,A-1: Arbeiter-Mahlzeitausgabe I,A-1 : Préparation d'en-cas pour ouvriers,A-1：作業員への炊き出し準備
349,A-2: Worker's Banquet Preparation II,A-2: Arbeiter-Mahlzeitausgabe II,A-2 : Amélioration d'en-cas pour ouvriers,A-2：続・作業員への炊き出し準備
350,A-1: Loporrit Dietary Improvement I,A-1: Loporrit-Ernährungsverbesserung I,A-1 : Préparation de régime adapté pour Loporrite,A-1：レポリット向けの食生活改善試験
351,A-2: Loporrit Dietary Improvement II,A-2: Loporrit-Ernährungsverbesserung II,A-2 : Amélioration de régime adapté pour Loporrite,A-2：続・レポリット向けの食生活改善試験
352,A-3: Loporrit Dietary Improvement III,A-3: Loporrit-Ernährungsverbesserung III,A-3 : Régime adapté pour Loporrite,A-3：レポリット向けの食生活改善
353,A-2: Aquaculture Feed I,A-2: Weichfutter für Tierzüchtungen I,A-2 : Préparation de pâtées pour élevage,A-2：養殖用の練餌製作
354,A-3: Aquaculture Feed II,A-3: Weichfutter für Tierzüchtungen III,A-3 : Amélioration de pâtées pour élevage,A-3：続・養殖用の練餌製作
355,A-1: Nutrient-rich Foodstuffs I,A-1: Nährreiche Lebensmittel I,A-1 : Préparation d'aliments de haute qualité nutritive,A-1：高栄養価食材の製作
356,A-2: Nutrient-rich Foodstuffs II,A-2: Nährreiche Lebensmittel II,A-2 : Amélioration d'aliments de haute qualité nutritive,A-2：続・高栄養価食材の製作
357,A-3: Nutrient-rich Foodstuffs III,A-3: Nährreiche Lebensmittel,A-3 : Aliments de haute qualité nutritive,A-3：高栄養価食品の製作
358,A-3: Whole Meals I,A-3: Vollwertnahrung I,A-3 : Préparation de repas complets,A-3：完全食の製作
359,A-3: Whole Meals II,A-3: Vollwertnahrung II,A-3 : Amélioration de repas complets,A-3：続・完全食の製作
360,A-3: Whole Meals III,A-3: Vollwertnahrung III,A-3 : Perfectionnement de repas complets,A-3：完全食の製作・最終工程
361,Hub Vicinity Survey,Bodenerforschung (Stationsumgebung),Étude géologique des alentours de la station,基地周辺の地質調査
362,Northwestern Vicinity Survey,Rohstoff-Erforschung (Nordwestliche Station),Étude des ressources au nord-ouest,基地北西部の資源調査
363,Productivity Review,Arbeitsstandardprüfung,Enquête sur les normes de travail,作業基準調査への協力
364,Hydrofication Materials,Experimentelle Wasseraufbereitungsstoffe,Matériaux d'essai pour la purification de l'eau,浄水機能試験素材の調達
365,Multi-purpose Plating Materials,Projektplatten (Materialien),Matériaux pour plaques multi-usage,汎用装甲板素材の採集
366,Air Filter Materials,Luftfilter (Materialien),Matériaux pour filtres à air,エアフィルター用素材の採集
367,Central Radius Survey,Boden-Unter<SoftHyphen/>such<SoftHyphen/>ung (Zentraler Radius),Étude géologique du secteur central,焦がれの入江内周部の地質調査
368,Metal Processing Materials,Veredelungs-Metalle,Métaux pour transformation,加工用金属材の採集
369,Heavy Plating Materials,Dicke Projektplatten (Materialien),Matériaux pour plaques épaisses,厚型装甲板素材の採集
370,Sustained Productivity Review,Erfolgssträhnen-Prüfung,Évaluation des méthodes de récolte en continu,連続採集技術の試験協力
371,Material Collection Appraisal,Stückzahl-Bonus-Prüfung,Évaluation des méthodes d'obtention de matériaux,素材獲得技術の試験協力
372,Additional Meteoric Deposits,Meteoreisen-Abbaugebiet-Erforschung,Nouveaux points de collecte de métaux météoritiques,隕鉄材の新採集場調査
373,Water Filter Materials,Wasserfilter (Materialien),Matériaux pour filtres à eau,水質フィルター用素材の採集
374,Outer Sector Survey,Boden-Unter<SoftHyphen/>such<SoftHyphen/>ung (Äußerer Radius),Étude géologique du secteur extérieur,焦がれの入江外周部の地質調査
375,Element-resistant Materials,Wasser- & Hitzefeste Materialien,Matériaux résistants à l'eau et à la chaleur,耐水・耐熱素材の採集
376,Light Plating Materials,Dünne Projektplatten (Materialien),Matériaux pour plaques fines,薄型装甲板素材の採集
377,Lunar Yellow Copper Ore,Mond-Kupferkies (Erfolgssträhne),Récolte continue de cuivre jaune sélénien,月黄銅鉱の連続採集
378,Technique Appraisal,Stückzahl-Bonus-Forschung,Programme de recherche des techniques,技術研究計画の発展
379,Energization Materials,Energiegenerator (Materialien),Matériaux pour générateurs d'énergie,エネルギー発生装置用の素材調達
380,Fine-grade Processing Materials,Präzise Veredelungsmaterialien,Matériaux pour transformation avancée,精密加工用素材の採集
381,Stellar Repair Materials,Hochwertige Reparaturmaterialien,Matériaux de haute qualité pour réparations,補修用の高品質素材
382,A-1: Alloy Processing Materials,A-1: Legierungsveredelung (Materialien),A-1 : Matériaux pour la fabrication d'alliages,A-1：合金加工用素材の採集
383,A-1: Crater Extraction,A-1: Einsenkungs-Abbau,A-1 : Matériaux des cratères,A-1：窪地地帯の採集作業
384,A-1: Special Plating Materials,A-1: Spezial-Panzerplatten (Materialien),A-1 : Matériaux pour plaques spéciales,A-1：特殊装甲板素材の採集
385,A-1: Lunar Chromite Ore,A-1: Mond-Chromeisen (Erfolgssträhne),A-1 : Récolte continue de chromite sélénienne,A-1：ムーンクロマイトの連続採集
386,A-1: Meteoric Deposits,A-1: Meteoreisen (Stückzahl-Bonus),A-1 : Techniques d'acquisition de fer météoritique,A-1：隕鉄材の獲得技術調査
387,A-2: Precise Survey,A-2: Präzise Bodenerforschung,A-2 : Étude géologique avancée,A-2：精密地質調査
388,A-2: Alchemical Refinement Materials,A-2: Alchemisten-Raffinationsmaterialien,A-2 : Extraction d'ingrédients d'alchimie pour éthérolyse,A-2：錬金薬用精選材の抽出
389,A-2: Southwestern Survey,A-2: Rohstoff-Erforschung (Südwestliches Sinus Ardorum),A-2 : Étude des ressources au sud-ouest,A-2：焦がれの入江南西部の資源量調査
390,A-2: Precise Lunar Nadir Survey,A-2: Präzise Erforschung (Lunarer Nadir),A-2 : Étude approfondie du Nadir lunaire,A-2：ルナ・ネイディアの精密調査
391,A-3: Rare Material Extraction,A-3: Seltene Rohstoffe,A-3 : Récupération de matériaux rares,A-3：希少素材の回収
392,A-3: Supplemental Processing Materials,A-3: Veredelungs-Hilfsstoffe,A-3 : Matériaux auxiliaires pour transformation,A-3：加工補助素材の採集
393,A-1: Hub Vicinity Gathering I,A-1: Neumaterial-Erforschung (Station),A-1 : Étude des ressources aux alentours de la station,A-1：基地周辺の新資源調査
394,A-2: Hub Vicinity Gathering II,A-2: Neumaterial-Erforschung (Station),A-2 : Étude des ressources aux alentours de la station,A-2：基地周辺の新資源調査
395,A-1: High-grade Energization Materials I,A-1: Hochleistungs-Energiegenerator (Materialien),A-1 : Matériaux pour générateurs à haute énergie,A-1：高エネルギー発生装置用素材の調達
396,A-2: High-grade Energization Materials II,A-2: Hochleistungs-Energiegenerator (Materialien),A-2 : Matériaux pour générateurs à haute énergie,A-2：高エネルギー発生装置用素材の調達
397,A-3: High-grade Energization Materials III,A-3: Hochleistungs-Energiegenerator (Materialien),A-3 : Matériaux pour générateurs à haute énergie,A-3：高エネルギー発生装置用素材の調達
398,A-2: Fine-grade Water Filter Materials I,A-2: Präzise Wasserfilter (Materialien),A-2 : Composants de filtre à eau avancé,A-2：精密水質フィルター用素材の採集
399,A-3: Fine-grade Water Filter Materials II,A-3: Präzise Wasserfilter (Materialien),A-3 : Composants de filtre à eau avancé,A-3：精密水質フィルター用素材の採集
400,A-1: Fine-grade Air Filter Materials I,A-1: Präzise Luftfilter (Materialien),A-1 : Composants de filtre à air avancé,A-1：精密エアフィルター用素材の採集
401,A-3: Fine-grade Air Filter Materials II,A-3: Präzise Luftfilter (Materialien),A-2 : Composants de filtre à air avancé,A-3：精密エアフィルター用素材の採集
402,A-2: Fine-grade Air Filter Materials III,A-2: Präzise Luftfilter (Materialien),A-3 : Composants de filtre à air avancé,A-2：精密エアフィルター用素材の採集
403,A-3: Folkloric Materials I,A-3: Almanachmaterialien-Erforschung I,A-3 : Matériaux de légende,A-3：伝承録級素材の採集調査
404,A-3: Folkloric Materials II,A-3: Almanachmaterialien-Erforschung II,A-3 : Matériaux de légende II,A-3：伝承録級素材の採集調査 II
405,A-3: Folkloric Materials III,A-3: Almanachmaterialien-Erforschung III,A-3 : Matériaux de légende III,A-3：伝承録級素材の採集調査 III
406,Hub Vicinity Survey,Boden-Unter<SoftHyphen/>such<SoftHyphen/>ung (Stationsumgebung),Étude des sols aux alentours de la station,基地周辺の地質調査
407,Eastern Vicinity Survey,Rohstoff-Erforschung (Östliche Station),Étude des ressources à l'est,基地東部の資源調査
408,Productivity Review,Arbeitsstandardprüfung,Enquête sur les normes de travail,作業基準調査への協力
409,Hydrofication Materials,Experimentelle Wasseraufbereitungsstoffe,Matériaux d'essai pour la purification de l'eau,浄水機能試験素材の調達
410,Multi-purpose Fiberboard Materials,Faserplatten (Materialien),Matériaux pour panneaux en fibre multi-usage,汎用繊維板素材の採集
411,Air Filter Materials,Luftfilter (Materialien),Matériaux pour filtres à air,エアフィルター用素材の採集
412,Central Radius Survey,Boden-Unter<SoftHyphen/>such<SoftHyphen/>ung (Zentraler Radius),Étude des sols du secteur central,焦がれの入江内周部の地質調査
413,Processing Fibers,Veredelungs-Fasern,Fibres pour transformation,加工用繊維の採集
414,Thin Fiberboard Materials,Dünne Faserplatten (Materialien),Matériaux pour panneaux en fibre fins,薄型繊維板素材の採集
415,Sustained Productivity Review,Erfolgssträhnen-Prüfung,Évaluation des méthodes de récolte en continu,連続採集技術の試験協力
416,Material Collection Appraisal,Stückzahl-Bonus-Prüfung,Évaluation des méthodes d'obtention de matériaux,素材獲得技術の試験協力
417,Branch Collection,Äste-Sammelgebiet-Erforschung,Nouveaux points de collecte de branchages,枝材の新採集場調査
418,Water Filter Materials,Wasserfilter (Materialien),Matériaux pour filtres à eau,水質フィルター用素材の採集
419,Outer Sector Survey,Boden-Erforschung (Äußerer Radius),Étude des sols du secteur extérieur,焦がれの入江外周部の地質調査
420,Insulation Materials,Wärmeisolierende Materialien,Matériaux résistants à la chaleur,断熱素材の採集
421,Thick Fiberboard Materials,Dicke Faserplatten (Materialien),Matériaux pour panneaux en fibre épais,厚型繊維板素材の採集
422,Blue Fiber Collection Appraisal,Blaufasern (Erfolgssträhne),Récolte continue de fibre bleue,青繊維材の連続採集
423,Technique Appraisal,Stückzahl-Bonus-Forschung,Programme de recherche des techniques,技術研究計画の発展
424,Energization Materials,Energiegenerator (Materialien),Matériaux pour générateurs d'énergie,エネルギー発生装置用の素材調達
425,Fine-grade Processing Materials,Präzise Veredelungsmaterialien,Matériaux pour transformation avancée,精密加工用素材の採集
426,Stellar Repair Materials,Hochwertige Reparaturmaterialien,Matériaux de haute qualité pour réparations,補修用の高品質素材
427,A-1: Tanning Agents,A-1: Prototypen-Gerbmaterialien,A-1 : Nouveaux matériaux de tannerie,A-1：新型なめし材の採集
428,A-1: Experimental Cultivars,A-1: Experimentelles Vegetationsgebiet,A-1 : Végétation de la zone expérimentale,A-1：植生実験地帯の採集作業
429,A-1: Fiberboard Materials,A-1: Faserplatten (Materialien),A-1 : Matériaux pour panneaux en fibre,A-1：繊維板素材の採集
430,A-1: Fungi Collection,A-1: Mond-Fungi (Erfolgssträhne),A-1 : Récolte continue de champignons séléniens,A-1：月面菌類の連続採集
431,A-1: Fiber Collection Appraisal,A-1: Rohfasern (Stückzahl-Bonus),A-1 : Techniques d'acquisition de fibre,A-1：繊維材の獲得技術調査
432,A-2: Precise Survey,A-2: Präzise Bodenerforschung,A-2 : Étude des sols avancée,A-2：精密地質調査
433,A-2: Alchemical Refinement Materials,A-2: Alchemisten-Raffinationsmaterialien,A-2 : Extraction d'ingrédients d'alchimie pour éthérolyse,A-2：錬金薬用精選材の抽出
434,A-2: Southwestern Survey,A-2: Rohstoff-Erforschung (Südwestliches Sinus Ardorum),A-2 : Étude des ressources au sud-ouest,A-2：焦がれの入江南西部の資源量調査
435,A-2: Precise Lunar Nadir Survey,A-2: Präzise Erforschung (Lunarer Nadir),A-2 : Étude approfondie du Nadir lunaire,A-2：ルナ・ネイディアの精密調査
436,A-3: Rare Material Extraction,A-3: Seltene Rohstoffe,A-3 : Récupération de matériaux rares,A-3：希少素材の回収
437,A-3: Supplemental Processing Materials,A-3: Veredelungs-Hilfsstoffe,A-3 : Matériaux auxiliaires pour transformation,A-3：加工補助素材の採集
438,A-1: Hub Vicinity Gathering I,A-1: Neumaterial-Erforschung (Station),A-1 : Étude des ressources aux alentours de la station,A-1：基地周辺の新資源調査
439,A-2: Hub Vicinity Gathering II,A-2: Neumaterial-Erforschung (Station),A-2 : Étude des ressources aux alentours de la station,A-2：基地周辺の新資源調査
440,A-1: High-grade Energization Materials I,A-1: Hochleistungs-Energiegenerator (Materialien),A-1 : Matériaux pour générateurs à haute énergie,A-1：高エネルギー発生装置用素材の調達
441,A-2: High-grade Energization Materials II,A-2: Hochleistungs-Energiegenerator (Materialien),A-2 : Matériaux pour générateurs à haute énergie,A-2：高エネルギー発生装置用素材の調達
442,A-3: High-grade Energization Materials III,A-3: Hochleistungs-Energiegenerator (Materialien),A-3 : Matériaux pour générateurs à haute énergie,A-3：高エネルギー発生装置用素材の調達
443,A-2: Fine-grade Water Filter Materials I,A-2: Präzise Wasserfilter (Materialien),A-2 : Composants de filtre à eau avancé,A-2：精密水質フィルター用素材の採集
444,A-3: Fine-grade Water Filter Materials II,A-3: Präzise Wasserfilter (Materialien),A-3 : Composants de filtre à eau avancé,A-3：精密水質フィルター用素材の採集
445,A-1: Fine-grade Air Filter Materials I,A-1: Präzise Luftfilter (Materialien),A-1 : Composants de filtre à air avancé,A-1：精密エアフィルター用素材の採集
446,A-3: Fine-grade Air Filter Materials II,A-3: Präzise Luftfilter (Materialien),A-2 : Composants de filtre à air avancé,A-3：精密エアフィルター用素材の採集
447,A-2: Fine-grade Air Filter Materials III,A-2: Präzise Luftfilter (Materialien),A-3 : Composants de filtre à air avancé,A-2：精密エアフィルター用素材の採集
448,A-3: Folkloric Materials I,A-3: Almanachmaterialien-Erforschung I,A-3 : Matériaux de légende,A-3：伝承録級素材の採集調査
449,A-3: Folkloric Materials II,A-3: Almanachmaterialien-Erforschung II,A-3 : Matériaux de légende II,A-3：伝承録級素材の採集調査 II
450,A-3: Folkloric Materials III,A-3: Almanachmaterialien-Erforschung III,A-3 : Matériaux de légende III,A-3：伝承録級素材の採集調査 III
451,Lunch Emergency,Mittagsschmaus-Zutaten,Vivres d'urgence pour déjeuner,昼食用食材の緊急依頼
452,Large Aquatic Specimens,Große Meeresfrüchte,Grand spécimen aquatique,大型水産物の獲得調査
453,Western Water Inspection,Wassererforschung (Westliche Station),Contrôle qualité de l'eau à l'ouest de la station,基地西の水質調査協力
454,Aquatic Foodstuffs,Meeresfrüchte-Notvorrat,Produits de la mer pour mise en réserve,水産食料備蓄の調達
455,Weeping Pool Ecological Survey,Ökologie-Erforschung (Heulbecken),Étude écologique de l'étang des Larmes,貯涙池の生態調査
456,Assorted Alchemical Materials,Großlieferung für Alchemisten-Materialien,Ingrédients d'alchimie en grande quantité,錬金薬用素材の大量調達
457,Big Fish,Gigantisches Wasserlebewesen,Poisson géant pour étude,巨大魚獲得調査
458,Environmental Inspection,Homogenetische Probenerforschung,Étude environnementale à partir d'échantillons de mêmes espèces,同種サンプルによる環境調査
459,Polarized Dyes,Polarisierende Farbstoffe (Meeresfrüchte),Produits de la mer à pigments polarisants,偏光塗料用の水産物調達
460,Southeast Well Ecological Survey,Wasserlachen-Erforschung (Südöstliche Station),Étude écologique d'un plan d'eau au sud-est de la station,基地南東水溜まりの生態調査
461,Fish Sauce Ingredients,Großlieferung an Fischsoßen-Zutaten,Ingrédients de sauce de poisson en grande quantité,魚醤用素材の大量調達
462,Aquatic Samples,Hochqualitative Meeresproben,Contrôle qualité via collecte d'échantillons aquatiques,水産物サンプルへの品質協力
463,Northwestern Water Inspection,Wassererforschung (Nördliche Station),Contrôle qualité de l'eau au nord-ouest de la station,基地北西の水質調査協力
464,Hollow Harbor Water Inspection,Wassererforschung (Leere Löcher),Contrôle qualité de l'eau au Creux de La Gourde,ホローハーバーの水質調査協力
465,Preserved Foodstuffs,Langzeitnahrung (Meeresfrüchte),Produits de la mer pour conservation,保存食用水産物の調達
466,Hollow Harbor Ecological Survey,Ökologie-Erforschung (Leere Löcher),Étude écologique du Creux de La Gourde,ホローハーバーの生態調査
467,Absolute Specimen,Ökologie-Erforschung (Größtes Exemplar),Étude écologique : record de taille,最大個体に関する生態調査
468,Aetherochemical Creatures,Mystische Wasserwesen,Spécimens endémiques aux fuites magismologiques pour transformation,加工用魔泉生物の調達
469,Westward Ecological Survey,Ökologie-Erforschung (Westliches Pfötchen),Étude écologique du Saut du Lapin ouest,ホッププリント・ウェストの生態調査
470,Supper Emergency,Festmahl-Zutaten,Vivres d'urgence pour dîner,晩餐用食材の緊急調達
471,Alchemical Resources,Alchemie-Mixtur (Meeresfrüchte),Produits de la mer pour alchimie,錬金薬用水産物の採集
472,A-1: Northward Ecological Survey,A-1: Ökologie-Erforschung (Nördliches Pfötchen),A-1 : Étude écologique du Saut du Lapin nord,A-1：ホッププリント・ノースの生態調査
473,A-1: Rare Aquatic Specimens,A-1: Seltene Meeresfrüchte,A-1 : Spécimen aquatique rare pour étude,A-1：希少水産物の獲得調査
474,A-1: Foodstuff Emergency,A-1: Meeresfrüchte-Notlieferung,A-1 : Produits de la mer en urgence,A-1：水産食材の緊急調達
475,A-1: Precise Water Survey,A-1: Präzise Wassererforschung,A-1 : Contrôle qualité avancé de l'eau,A-1：精密水質調査
476,A-1: Fine-grade Aquatic Processing Materials,A-1: Meeresfrüchte für präzise Veredelung,A-1 : Produits de la mer pour transformation avancée,A-1：精密加工用水産物の採集
477,A-2: Large Aquatic Specimens,A-2: Große Meeresfrüchte,A-2 : Grand spécimen aquatique,A-2：大型水産物の獲得調査
478,A-2: Assorted Alchemical Materials,A-2: Großlieferung für Alchemisten-Materialien,A-2 : Ingrédients d'alchimie en grande quantité,A-2：錬金薬用素材の大量調達
479,A-2: Aetherial Falls Experiment,A-2: Expertisen-Experiment (Ätherfälle),A-2 : Essai technologique aux Chutes éthérées,A-2：月底の魔滝での試験技術協力
480,A-2: Foodstuff Emergency,A-2: Meeresfrüchte-Notlieferung,A-2 : Produits de la mer en urgence,A-2：水産食材の緊急調達
481,A-3: Palus Arsenici Ecological Survey,A-3: Ökologie-Erforschung (Palus Arsenici),A-3 : Étude écologique de Palus Arsenici,A-3：パルス・アーセニキの生態調査
482,A-3: Large Aquatic Specimens,A-3: Große Meeresfrüchte,A-3 : Grand spécimen aquatique,A-3：大型水産物の獲得調査
483,A-1: Aquatic Inspection I,A-1: Vielfalt-Inspektion (Meeresfrüchte),A-1 : Étude de biodiversité aquatique,A-1：水場の多様性検証
484,A-2: Aquatic Inspection II,A-2: Vielfalt-Inspektion (Meeresfrüchte),A-2 : Étude de biodiversité aquatique,A-2：水場の多様性検証
485,A-1: Fine-grade Water Filter Materials I,A-1: Präzise Wasserfilter (Materialien),A-1 : Composants de filtre à eau avancé,A-1：精密水質フィルター用素材の採集
486,A-2: Fine-grade Water Filter Materials II,A-2: Präzise Wasserfilter (Materialien),A-2 : Composants de filtre à eau avancé,A-2：精密水質フィルター用素材の採集
487,A-3: Fine-grade Water Filter Materials III,A-3: Präzise Wasserfilter (Materialien),A-3 : Composants de filtre à eau avancé,A-3：精密水質フィルター用素材の採集
488,A-2: Coexisting Species I,A-2: Ökologie-Erforschung koexistenter Arten,A-2 : Étude écologique d'espèces cohabitantes,A-2：共存種についての生態調査
489,A-3: Coexisting Species II,A-3: Ökologie-Erforschung koexistenter Arten,A-2 : Étude écologique d'espèces cohabitantes,A-3：共存種についての生態調査
490,A-1: Aetherochemical Samples I,A-1: Ätherquellen-Proben,A-1 : Échantillons issus de fuites magismologiques,A-1：魔泉環境のサンプル採集
491,A-2: Aetherochemical Samples II,A-2: Ätherquellen-Proben,A-2 : Échantillons issus de fuites magismologiques,A-2：魔泉環境のサンプル採集
492,A-3: Aetherochemical Samples III,A-3: Ätherquellen-Proben,A-3 : Échantillons issus de fuites magismologiques,A-3：魔泉環境のサンプル採集
493,A-3: Unidentified Aquatic Specimens I,A-3: Unbekannte Unterwasserwesen I,A-3 : Espèces non répertoriées,A-3：未確認水棲生物の存在調査
494,A-3: Unidentified Aquatic Specimens II,A-3: Unbekannte Unterwasserwesen II,A-3 : Espèces non répertoriées II,A-3：未確認水棲生物の存在調査 II
495,A-3: Unidentified Aquatic Specimens III,A-3: Unbekannte Unterwasserwesen III,A-3 : Espèces non répertoriées III,A-3：未確認水棲生物の存在調査 III
496,A-2: Aquatic Resource Research Tanks,A-2: Behälter für Meeresforschung,A-2 : Conteneurs pour la recherche sur les produits marins,A-2：水産物研究用コンテナの増産
497,A-2: Impact-resistant Containers,A-2: Schockresistenter Behälter,A-2 : Conteneurs résistants aux chocs,A-2：耐衝撃コンテナの製作
498,A-2: Soothing Censers,A-2: Räuchergefäß von Mutter Ætheris,A-2 : Brûleurs d'encens de la planète-mère,A-2：癒しの母星の香炉
499,A-3: Automaton Digging,A-3: Ausweg durch Grundgesteinsabbau,A-3 : Étude de l'extraction de roches souterraines,A-3：岩盤採掘機で活路を開け
500,A-3: Lunar Leather,A-3: Gerbleder für Mondrohstoffe,A-3 : Cuir tanné avec des matériaux séléniens,A-3：月面素材のなめし革
501,A-3: High-quality Floor Tiling,A-3: Blitzblanke Bodenplatten,A-3 : Damier brillant de luxe,A-3：床をつるぴか高級タイルに
502,A-2: Lunar Tanning Agents,A-2: Ortserforschung für Gerbmaterialien,A-2 : Approvisionnement en matériaux de tannerie,A-2：なめし材の現地調達
503,A-2: Special Spongoi Processing,A-2: Verarbeitung von Sonderhyphen,A-2 : Traitement de mycélium rare,A-2：特異な菌糸の加工
504,A-2: Freshness Preservation,A-2: Verarbeitung gelagerter Lebensmittel,A-2 : Transformation d'aliments frais,A-2：鮮度を保った食品加工
505,A-3: Lunar Tools,A-3: Sammlerwerkzeuge für Mondrohstoffe,A-3 : Outils pour la récolte de matériaux séléniens,A-3：月面素材の採集道具利用
506,A-3: High Burn Furnace,A-3: Hochleistungs-Ofen,A-3 : Fabrication de fours à haute température,A-3：高火力炉の製造
507,A-3: Mushroom-borne Comfort,A-3: Pilzwärme für daheim,A-3 : Champignons d'intérieur,A-3：部屋でもキノコのぬくもりを
508,A-2: Processed Aquatic Metals,A-2: Verarbeitung von Unterwassermineralien,A-2 : Transformation de métaux aquatiques en lingots,A-2：水産金属のインゴット化加工
509,A-2: Refined Moon Gel,A-2: Verbessertes Mondgel,A-2 : Glu sélénienne améliorée,A-2：改良版ムーンゲルの製作
510,A-3: Crystallic Gems,A-3: Kristall-Juwel,A-3 : Pierre précieuse cristalline,A-3：クリスタルのような宝石
511,A-3: Eel Rations,A-3: Aal-Rationen,A-3 : Ration d'anguille,A-3：ウナギレーションの製作
512,Work Ladders,Arbeiter-Podest,Échelles de chantier,作業用足場の製作
513,Kindling,Verbrennungsmaterialien,Bois d'allumage,燃焼促進材の製作
514,Fungal Building Materials,Prototyp-Hyphen-Baustoff,Nouveaux matériaux fongiques de construction,新型菌糸建材の製作
515,Meteorite Drills,Meteorbohrer,Foreuses à météorites,隕石掘削用ドリルの製作
516,Vacuum Muzzles,Saugmündung,Buses d'aspirateurs,吸引機マズルの製作
517,Flamethrower Parts,Kosmobrenner-Bauteile,Composants de lance-flammes,火炎放射器部品の製作
518,Spare Vacuum Tanks,Reserve-Tank (Saugmaschine),Réservoirs de rechange pour aspirateur,吸引機の予備タンクの製作
519,Vehicular Plating,Ausbesserungsplatten (Vehikel),Plaques pour entretien de véhicule,ローバー補修用板金の製作
520,Gas Tanks,Gastank,Réservoirs de gaz,ガスタンクの製作
521,Lighting Repair Tools,Werkzeuge zur Beleuchtungsreparatur,Outils de réparation pour l'éclairage,照明修理用具の製作
522,Intricate Vacuum Parts,Präzise Bauteile (Saugmaschine),Pièces de précision pour aspirateur,吸引機の精密部品の製作
523,Spare Vehicle Parts,Ausbesserungskomponenten (Vehikel),Pièces de rechange pour véhicule,ローバー補修用部材の製作
524,Impenetrable Gloves,Sicherheitshandschuhe,Gants indéchirables,切削作業用グローブの製作
525,Reinforced Gas Masks,Gasmaske,Masques à gaz,防護ガスマスクの製作
526,Flame-resistant Workboots,Feuerresistente Arbeiter-Stiefel,Bottes de travail résistantes au feu,作業用耐火ブーツの製作
527,Spare Cloth,Wartungsstoff,Tissus pour entretien,整備用布材の製作
528,Flame-resistant Work Cloth,Feuerresistenter Arbeiter-Stoff,Tissus résistants au feu,作業用耐火布の製作
529,Fungal Cloth,Prototyp-Hyphen-Stoff,Nouveaux tissus mycéliens,新型菌糸布材の製作
530,Aether-resistant Agent,Sonder-Schutzmittel,Agents de protection spéciaux,特殊保護剤の製作
531,Gas Poisoning Antidote,Entgiftungsmittel,Solutions antitoxiques,中毒緩和剤の製作
532,Flamethrower Fuel,Kosmobrenner-Brennstoff,Carburant pour lance-flammes,火炎放射器燃料の製作
533,Cured Foodstuffs,Haltbare Lebensmittel,Aliments de longue conservation,保存食の製作
534,Nutrient Supplement Jelly,Nahrungsergänzungsgel,Gelée nutritive,栄養補助ゼリーの製作
535,Irregular Spongoi Analysis,Struktur-Analyse unnatürlicher Hyphen,Étude des champignons anormaux,異常菌床の成分調査
536,Insulating Material,Isoliermaterialien,Matériaux isolants,絶縁資材の調達
537,Fallen Drone Salvage,Drohnen-Bergung,Recherche des drones accidentés,墜落したドローンの捜索
538,Rare Siderite Extraction,Meteoreisenbergung,Collecte de fer météorique rare,稀少隕鉄の回収
539,Medicinal Sclerotia,Hyphen für Medikamente,Noyaux fongiques aux propriétés médicinales,薬剤用菌核の調達
540,Sporing Mist Analysis,Sporennebel-Erforschung,Étude de l'impact du nuage de spores,胞子霧の植生影響調査
541,Mutated Spongoi,Nutzpilze,Champignons comestibles,有用菌類の採集
542,Edible Fish,Speisefische,Poissons comestibles,食用魚の調達
543,Sunken Drone Salvage,Drohnen-Wasserbergung,Recherche de drones immergés,水没したドローンの捜索
544,Mutated Fish,Unnatürliche Fische,Capture de poissons mutants,変異した魚の捕獲
